slutty sphincter goblin,adult,http://robietherobot.com/insult-generator.htm
lazy butt clown,adult,http://robietherobot.com/insult-generator.htm
communist shit pilot,adult,http://robietherobot.com/insult-generator.htm
insecure bitch jockey,adult,http://robietherobot.com/insult-generator.htm
drug-loving sphincter box,adult,http://robietherobot.com/insult-generator.htm
bitchy shitweasel,adult,https://rusttips.com/insult-generator/
sad fish fucker,adult,https://rusttips.com/insult-generator/
incomplete trailertrash,adult,https://rusttips.com/insult-generator/
seismic ass peddler,adult,https://rusttips.com/insult-generator/
abnormal piss monkey,adult,https://rusttips.com/insult-generator/
idiotic cock knob,adult,http://robietherobot.com/insult-generator.htm
idiotic shart goblin,adult,http://robietherobot.com/insult-generator.htm
butterface rectum canoe,adult,http://robietherobot.com/insult-generator.htm
pompous prick blossum,adult,http://robietherobot.com/insult-generator.htm
elitist crotch knob,adult,http://robietherobot.com/insult-generator.htm
ducknose taint waffle,adult,http://robietherobot.com/insult-generator.htm
white trash sphincter pirate,adult,http://robietherobot.com/insult-generator.htm
idiotic cock box,adult,http://robietherobot.com/insult-generator.htm
ducknose boner box,adult,http://robietherobot.com/insult-generator.htm
creepy shit jockey,adult,http://robietherobot.com/insult-generator.htm
ducknose sphincter goblin,adult,http://robietherobot.com/insult-generator.htm
ugly cock box,adult,http://robietherobot.com/insult-generator.htm
pie-eating boner box,adult,http://robietherobot.com/insult-generator.htm
communist ass blossum,adult,http://robietherobot.com/insult-generator.htm
stupid slut captain,adult,http://robietherobot.com/insult-generator.htm
butterface butt canoe,adult,http://robietherobot.com/insult-generator.htm
tone deaf bitch waffle,adult,http://robietherobot.com/insult-generator.htm
tone deaf cock goblin,adult,http://robietherobot.com/insult-generator.htm
creepy turd blossum,adult,http://robietherobot.com/insult-generator.htm
slutty crotch knob,adult,http://robietherobot.com/insult-generator.htm
slimy sphincter biscuit,adult,http://robietherobot.com/insult-generator.htm
pie-eating ass toolbag,adult,http://robietherobot.com/insult-generator.htm
creepy turd dragon,adult,http://robietherobot.com/insult-generator.htm
ugly rectum dragon,adult,http://robietherobot.com/insult-generator.htm
slimy sphincter canoe,adult,http://robietherobot.com/insult-generator.htm
communist turd biscuit,adult,http://robietherobot.com/insult-generator.htm
tone deaf nut toolbag,adult,http://robietherobot.com/insult-generator.htm
slutty crotch canoe,adult,http://robietherobot.com/insult-generator.htm
idiotic duck goblin,adult,http://robietherobot.com/insult-generator.htm
tone deaf duck blossum,adult,http://robietherobot.com/insult-generator.htm
butterface crotch pirate,adult,http://robietherobot.com/insult-generator.htm
communist cock dragon,adult,http://robietherobot.com/insult-generator.htm
idiotic shart socket,adult,http://robietherobot.com/insult-generator.htm
idiotic prick waffle,adult,http://robietherobot.com/insult-generator.htm
idiotic sphincter biscuit,adult,http://robietherobot.com/insult-generator.htm
slimy nut waffle,adult,http://robietherobot.com/insult-generator.htm
slutty ass hound,adult,http://robietherobot.com/insult-generator.htm
butterface prick toolbag,adult,http://robietherobot.com/insult-generator.htm
creepy rectum goblin,adult,http://robietherobot.com/insult-generator.htm
elitist boner box,adult,http://robietherobot.com/insult-generator.htm
lazy fuck clown,adult,http://robietherobot.com/insult-generator.htm
idiotic shart monster,adult,http://robietherobot.com/insult-generator.htm
white trash douche knob,adult,http://robietherobot.com/insult-generator.htm
elitist turd knob,adult,http://robietherobot.com/insult-generator.htm
pie-eating shit waffle,adult,http://robietherobot.com/insult-generator.htm
smelly rectum captain,adult,http://robietherobot.com/insult-generator.htm
idiotic butt canoe,adult,http://robietherobot.com/insult-generator.htm
creepy prick jockey,adult,http://robietherobot.com/insult-generator.htm
drug-loving crotch biscuit,adult,http://robietherobot.com/insult-generator.htm
white trash butt toolbag,adult,http://robietherobot.com/insult-generator.htm
communist shit monster,adult,http://robietherobot.com/insult-generator.htm
tone deaf slut pirate,adult,http://robietherobot.com/insult-generator.htm
insecure sphincter goblin,adult,http://robietherobot.com/insult-generator.htm
pompous cock knob,adult,http://robietherobot.com/insult-generator.htm
smelly prick goblin,adult,http://robietherobot.com/insult-generator.htm
stupid cock waffle,adult,http://robietherobot.com/insult-generator.htm
white trash bitch hound,adult,http://robietherobot.com/insult-generator.htm
pie-eating boner knob,adult,http://robietherobot.com/insult-generator.htm
idiotic crotch dragon,adult,http://robietherobot.com/insult-generator.htm
insecure butt socket,adult,http://robietherobot.com/insult-generator.htm
smelly douche jockey,adult,http://robietherobot.com/insult-generator.htm
communist slut jockey,adult,http://robietherobot.com/insult-generator.htm
slimy turd box,adult,http://robietherobot.com/insult-generator.htm
pompous duck knob,adult,http://robietherobot.com/insult-generator.htm
drug-loving taint clown,adult,http://robietherobot.com/insult-generator.htm
creepy slut box,adult,http://robietherobot.com/insult-generator.htm
white trash rectum monster,adult,http://robietherobot.com/insult-generator.htm
stupid crotch biscuit,adult,http://robietherobot.com/insult-generator.htm
white trash ass hound,adult,http://robietherobot.com/insult-generator.htm
smelly taint waffle,adult,http://robietherobot.com/insult-generator.htm
ducknose rectum captain,adult,http://robietherobot.com/insult-generator.htm
idiotic boner canoe,adult,http://robietherobot.com/insult-generator.htm
idiotic crotch goblin,adult,http://robietherobot.com/insult-generator.htm
white trash butt blossum,adult,http://robietherobot.com/insult-generator.htm
idiotic boner captain,adult,http://robietherobot.com/insult-generator.htm
ducknose butt toolbag,adult,http://robietherobot.com/insult-generator.htm
foolhardy cumshot,adult,https://rusttips.com/insult-generator/
inconsiderable shitpuddle,adult,https://rusttips.com/insult-generator/
bitter ballsack,adult,https://rusttips.com/insult-generator/
rude dickbreath,adult,https://rusttips.com/insult-generator/
unwanted pissbaby,adult,https://rusttips.com/insult-generator/
unreliable ballsack,adult,https://rusttips.com/insult-generator/
disturbing shitbreath,adult,https://rusttips.com/insult-generator/
obnoxious cum dumpster,adult,https://rusttips.com/insult-generator/
obnoxious shitpuddle,adult,https://rusttips.com/insult-generator/
worthless shitkicker,adult,https://rusttips.com/insult-generator/
insidious limpdick,adult,https://rusttips.com/insult-generator/
impatient slag,adult,https://rusttips.com/insult-generator/
incomprehensible shitpuddle,adult,https://rusttips.com/insult-generator/
clammy fannyfucker,adult,https://rusttips.com/insult-generator/
sad zebrafucker,adult,https://rusttips.com/insult-generator/
bitter prick,adult,https://rusttips.com/insult-generator/
corrosive unclefucker,adult,https://rusttips.com/insult-generator/
unfuckable cousinfucker,adult,https://rusttips.com/insult-generator/
severe shitforbrains,adult,https://rusttips.com/insult-generator/
narrow-minded hippie,adult,https://rusttips.com/insult-generator/
inexperienced slag,adult,https://rusttips.com/insult-generator/
severe oxygen thief,adult,https://rusttips.com/insult-generator/
severe turd cutter,adult,https://rusttips.com/insult-generator/
clammy horseshit,adult,https://rusttips.com/insult-generator/
dense shit-eater,adult,https://rusttips.com/insult-generator/
inconsiderate douche canoe,adult,https://rusttips.com/insult-generator/
organic cockqueen,adult,https://rusttips.com/insult-generator/
petite ass-nugget,adult,https://rusttips.com/insult-generator/
incomplete bastard,adult,https://rusttips.com/insult-generator/
insidious scrotum,adult,https://rusttips.com/insult-generator/
insane shitgoblin,adult,https://rusttips.com/insult-generator/
nihilistic fuck nugget,adult,https://rusttips.com/insult-generator/
massive camelfucker,adult,https://rusttips.com/insult-generator/
nightmarish dipstick,adult,https://rusttips.com/insult-generator/
average shitweasel,adult,https://rusttips.com/insult-generator/
abrasive birdfucker,adult,https://rusttips.com/insult-generator/
inhuman tranny,adult,https://rusttips.com/insult-generator/
unfuckable fuck nugget,adult,https://rusttips.com/insult-generator/
unhealthy douche canoe,adult,https://rusttips.com/insult-generator/
filthy penispuffer,adult,https://rusttips.com/insult-generator/
smug retard,adult,https://rusttips.com/insult-generator/
concrete twat,adult,https://rusttips.com/insult-generator/
narrow-minded cumshot,adult,https://rusttips.com/insult-generator/
unpredictable fuckbucket,adult,https://rusttips.com/insult-generator/
lowlife fuck nugget,adult,https://rusttips.com/insult-generator/
discriminating dickbreath,adult,https://rusttips.com/insult-generator/
bureaucratic fruitcake,adult,https://rusttips.com/insult-generator/
seismic shit-eater,adult,https://rusttips.com/insult-generator/
anxious bitchzilla,adult,https://rusttips.com/insult-generator/
irresponsible ape covered in human flesh,adult,https://rusttips.com/insult-generator/
egocentric motherfucker,adult,https://rusttips.com/insult-generator/
lowlife porchmonkey,adult,https://rusttips.com/insult-generator/
obnoxious shitnugget,adult,https://rusttips.com/insult-generator/
massive snatchpatch,adult,https://rusttips.com/insult-generator/
emotionless wanker,adult,https://rusttips.com/insult-generator/
stubborn dicklicker,adult,https://rusttips.com/insult-generator/
disappointing piss monkey,adult,https://rusttips.com/insult-generator/
flimsy fucktard,adult,https://rusttips.com/insult-generator/
gigantic pornprincess,adult,https://rusttips.com/insult-generator/
clingy twatwaffle,adult,https://rusttips.com/insult-generator/
nasty spermherder,adult,https://rusttips.com/insult-generator/
sobbing tosser,adult,https://rusttips.com/insult-generator/
untidy poontang,adult,https://rusttips.com/insult-generator/
indiscreet crotchmonkey,adult,https://rusttips.com/insult-generator/
unimpressive dickweasel,adult,https://rusttips.com/insult-generator/
artificial twat,adult,https://rusttips.com/insult-generator/
intolerant cocksucker,adult,https://rusttips.com/insult-generator/
intolerant dickweasel,adult,https://rusttips.com/insult-generator/
inconsiderable scrotum,adult,https://rusttips.com/insult-generator/
incomplete spermherder,adult,https://rusttips.com/insult-generator/
quick-tempered motherfucker,adult,https://rusttips.com/insult-generator/
obnoxious shitforbrains,adult,https://rusttips.com/insult-generator/
immature pissbaby,adult,https://rusttips.com/insult-generator/
nightmarish cockburger,adult,https://rusttips.com/insult-generator/
lowlife cumshot,adult,https://rusttips.com/insult-generator/
childish sheepfucker,adult,https://rusttips.com/insult-generator/
unimpressive rabbitfucker,adult,https://rusttips.com/insult-generator/
mediocre bitch,adult,https://rusttips.com/insult-generator/
manipulative tranny,adult,https://rusttips.com/insult-generator/
immature pornprincess,adult,https://rusttips.com/insult-generator/
inconsiderate fuckbucket,adult,https://rusttips.com/insult-generator/
unsupported syphilis,adult,https://rusttips.com/insult-generator/
self-absorbed shitpuddle,adult,https://rusttips.com/insult-generator/
melodramatic scrotum,adult,https://rusttips.com/insult-generator/
expired cumshot,adult,https://rusttips.com/insult-generator/
gullible ass clown,adult,https://rusttips.com/insult-generator/
vicious jizz guzzler,adult,https://rusttips.com/insult-generator/
careless cocksucker,adult,https://rusttips.com/insult-generator/
foolish testicle,adult,https://rusttips.com/insult-generator/
pig-headed cockqueen,adult,https://rusttips.com/insult-generator/
impolite pissbaby,adult,https://rusttips.com/insult-generator/
offensive skank,adult,https://rusttips.com/insult-generator/
unappetizing incel,adult,https://rusttips.com/insult-generator/
unpleasant sheepfucker,adult,https://rusttips.com/insult-generator/
weighty ass-nugget,adult,https://rusttips.com/insult-generator/
corrupt fuck nugget,adult,https://rusttips.com/insult-generator/
ducknose slut pirate,adult,http://robietherobot.com/insult-generator.htm
slutty bitch dragon,adult,http://robietherobot.com/insult-generator.htm
slimy shart hound,adult,http://robietherobot.com/insult-generator.htm
ducknose fuck toolbag,adult,http://robietherobot.com/insult-generator.htm
ducknose slut toolbag,adult,http://robietherobot.com/insult-generator.htm
white trash nut waffle,adult,http://robietherobot.com/insult-generator.htm
communist turd knob,adult,http://robietherobot.com/insult-generator.htm
slimy prick waffle,adult,http://robietherobot.com/insult-generator.htm
lazy boner pirate,adult,http://robietherobot.com/insult-generator.htm
ugly prick goblin,adult,http://robietherobot.com/insult-generator.htm
creepy rectum knob,adult,http://robietherobot.com/insult-generator.htm
ducknose rectum pirate,adult,http://robietherobot.com/insult-generator.htm
ugly butt knob,adult,http://robietherobot.com/insult-generator.htm
stupid fuck hound,adult,http://robietherobot.com/insult-generator.htm
white trash taint canoe,adult,http://robietherobot.com/insult-generator.htm
slimy taint socket,adult,http://robietherobot.com/insult-generator.htm
idiotic fuck waffle,adult,http://robietherobot.com/insult-generator.htm
idiotic turd blossum,adult,http://robietherobot.com/insult-generator.htm
slimy taint biscuit,adult,http://robietherobot.com/insult-generator.htm
ducknose rectum hound,adult,http://robietherobot.com/insult-generator.htm
pompous boner canoe,adult,http://robietherobot.com/insult-generator.htm
pompous rectum dragon,adult,http://robietherobot.com/insult-generator.htm
pie-eating cock waffle,adult,http://robietherobot.com/insult-generator.htm
ducknose douche dragon,adult,http://robietherobot.com/insult-generator.htm
ducknose rectum canoe,adult,http://robietherobot.com/insult-generator.htm
pompous slut captain,adult,http://robietherobot.com/insult-generator.htm
smelly nut blossum,adult,http://robietherobot.com/insult-generator.htm
communist turd dragon,adult,http://robietherobot.com/insult-generator.htm
butterface fuck biscuit,adult,http://robietherobot.com/insult-generator.htm
elitist slut knob,adult,http://robietherobot.com/insult-generator.htm
pompous butt goblin,adult,http://robietherobot.com/insult-generator.htm
idiotic duck box,adult,http://robietherobot.com/insult-generator.htm
pompous butt hound,adult,http://robietherobot.com/insult-generator.htm
ugly crotch jockey,adult,http://robietherobot.com/insult-generator.htm
pompous cock dragon,adult,http://robietherobot.com/insult-generator.htm
creepy taint socket,adult,http://robietherobot.com/insult-generator.htm
white trash crotch socket,adult,http://robietherobot.com/insult-generator.htm
communist slut captain,adult,http://robietherobot.com/insult-generator.htm
insecure rectum toolbag,adult,http://robietherobot.com/insult-generator.htm
drug-loving rectum box,adult,http://robietherobot.com/insult-generator.htm
elitist ass jockey,adult,http://robietherobot.com/insult-generator.htm
stupid cock pirate,adult,http://robietherobot.com/insult-generator.htm
creepy slut dragon,adult,http://robietherobot.com/insult-generator.htm
white trash sphincter hound,adult,http://robietherobot.com/insult-generator.htm
butterface nut monster,adult,http://robietherobot.com/insult-generator.htm
slutty bitch box,adult,http://robietherobot.com/insult-generator.htm
slutty shart socket,adult,http://robietherobot.com/insult-generator.htm
elitist butt clown,adult,http://robietherobot.com/insult-generator.htm
pie-eating turd box,adult,http://robietherobot.com/insult-generator.htm
idiotic turd waffle,adult,http://robietherobot.com/insult-generator.htm
ducknose bitch dragon,adult,http://robietherobot.com/insult-generator.htm
drug-loving turd pilot,adult,http://robietherobot.com/insult-generator.htm
drug-loving butt waffle,adult,http://robietherobot.com/insult-generator.htm
butterface bitch blossum,adult,http://robietherobot.com/insult-generator.htm
drug-loving butt pirate,adult,http://robietherobot.com/insult-generator.htm
slutty taint biscuit,adult,http://robietherobot.com/insult-generator.htm
ducknose butt goblin,adult,http://robietherobot.com/insult-generator.htm
stupid sphincter goblin,adult,http://robietherobot.com/insult-generator.htm
stupid shart pirate,adult,http://robietherobot.com/insult-generator.htm
smelly sphincter toolbag,adult,http://robietherobot.com/insult-generator.htm
pompous crotch knob,adult,http://robietherobot.com/insult-generator.htm
smelly turd toolbag,adult,http://robietherobot.com/insult-generator.htm
slimy prick biscuit,adult,http://robietherobot.com/insult-generator.htm
drug-loving slut dragon,adult,http://robietherobot.com/insult-generator.htm
creepy boner canoe,adult,http://robietherobot.com/insult-generator.htm
creepy taint blossum,adult,http://robietherobot.com/insult-generator.htm
ugly turd goblin,adult,http://robietherobot.com/insult-generator.htm
slutty boner monster,adult,http://robietherobot.com/insult-generator.htm
stupid prick toolbag,adult,http://robietherobot.com/insult-generator.htm
pompous rectum clown,adult,http://robietherobot.com/insult-generator.htm
butterface slut monster,adult,http://robietherobot.com/insult-generator.htm
lazy slut goblin,adult,http://robietherobot.com/insult-generator.htm
slimy butt socket,adult,http://robietherobot.com/insult-generator.htm
stupid prick goblin,adult,http://robietherobot.com/insult-generator.htm
pie-eating prick hound,adult,http://robietherobot.com/insult-generator.htm
butterface douche hound,adult,http://robietherobot.com/insult-generator.htm
pie-eating prick waffle,adult,http://robietherobot.com/insult-generator.htm
stupid crotch socket,adult,http://robietherobot.com/insult-generator.htm
smelly butt knob,adult,http://robietherobot.com/insult-generator.htm
ducknose boner jockey,adult,http://robietherobot.com/insult-generator.htm
elitist cock goblin,adult,http://robietherobot.com/insult-generator.htm
narcissistic cockqueen,adult,https://rusttips.com/insult-generator/
dense birdfucker,adult,https://rusttips.com/insult-generator/
insidious tosser,adult,https://rusttips.com/insult-generator/
obnoxious cousinfucker,adult,https://rusttips.com/insult-generator/
impatient shitbreath,adult,https://rusttips.com/insult-generator/
laughable twat,adult,https://rusttips.com/insult-generator/
ruthless pornprincess,adult,https://rusttips.com/insult-generator/
inoperative shitweasel,adult,https://rusttips.com/insult-generator/
gluttonous turd cutter,adult,https://rusttips.com/insult-generator/
unceremonious cunt,adult,https://rusttips.com/insult-generator/
patronizing saggy fuck,adult,https://rusttips.com/insult-generator/
smug nutfucker,adult,https://rusttips.com/insult-generator/
bitter dickbreath,adult,https://rusttips.com/insult-generator/
banal sheepfucker,adult,https://rusttips.com/insult-generator/
vacuous cunt,adult,https://rusttips.com/insult-generator/
bad-tempered zebrafucker,adult,https://rusttips.com/insult-generator/
cowardly badgerfucker,adult,https://rusttips.com/insult-generator/
concrete shitbreath,adult,https://rusttips.com/insult-generator/
pig-headed shitnugget,adult,https://rusttips.com/insult-generator/
patronising scumbreath,adult,https://rusttips.com/insult-generator/
inflexible nitwit,adult,https://rusttips.com/insult-generator/
patronizing slutbag,adult,https://rusttips.com/insult-generator/
eye-popping scum,adult,https://rusttips.com/insult-generator/
average ass peddler,adult,https://rusttips.com/insult-generator/
unwise herpes,adult,https://rusttips.com/insult-generator/
artificial pork,adult,https://rusttips.com/insult-generator/
smelly assbag,adult,https://rusttips.com/insult-generator/
petty zebrafucker,adult,https://rusttips.com/insult-generator/
clammy unseasoned cabbage,adult,https://rusttips.com/insult-generator/
obnoxious snatchpatch,adult,https://rusttips.com/insult-generator/
disconnected pork,adult,https://rusttips.com/insult-generator/
giggling slutbag,adult,https://rusttips.com/insult-generator/
self-absorbed pornprincess,adult,https://rusttips.com/insult-generator/
grim cum guzzler,adult,https://rusttips.com/insult-generator/
untidy ape covered in human flesh,adult,https://rusttips.com/insult-generator/
ignorant poopface,adult,https://rusttips.com/insult-generator/
petite uphill gardener,adult,https://rusttips.com/insult-generator/
imperfect dickweasel,adult,https://rusttips.com/insult-generator/
pessimistic peasant,adult,https://rusttips.com/insult-generator/
unhealthy low-life,adult,https://rusttips.com/insult-generator/
impatient fruitcake,adult,https://rusttips.com/insult-generator/
offensive sleezebag,adult,https://rusttips.com/insult-generator/
unceremonious slag,adult,https://rusttips.com/insult-generator/
inexperienced penispuffer,adult,https://rusttips.com/insult-generator/
smelly saggy fuck,adult,https://rusttips.com/insult-generator/
patronizing beginner,adult,https://rusttips.com/insult-generator/
narrow-minded syphilis,adult,https://rusttips.com/insult-generator/
unimpressive slutbag,adult,https://rusttips.com/insult-generator/
barefooted jackwagon,adult,https://rusttips.com/insult-generator/
tremendous gorilla,adult,https://rusttips.com/insult-generator/
tense shitnugget,adult,https://rusttips.com/insult-generator/
inexperienced cum guzzler,adult,https://rusttips.com/insult-generator/
smelly dipstick,adult,https://rusttips.com/insult-generator/
quick-tempered shitbreath,adult,https://rusttips.com/insult-generator/
anxious gonorrehea,adult,https://rusttips.com/insult-generator/
incomplete cunt,adult,https://rusttips.com/insult-generator/
dislikeable jackwagon,adult,https://rusttips.com/insult-generator/
pig-headed beat-off,adult,https://rusttips.com/insult-generator/
sobbing sissy,adult,https://rusttips.com/insult-generator/
machiavellian pussy,adult,https://rusttips.com/insult-generator/
pompous fucktard,adult,https://rusttips.com/insult-generator/
poisonous shitgoblin,adult,https://rusttips.com/insult-generator/
bigoted cousinfucker,adult,https://rusttips.com/insult-generator/
gullible nutjob,adult,https://rusttips.com/insult-generator/
narrow-minded pork,adult,https://rusttips.com/insult-generator/
questionable dicklicker,adult,https://rusttips.com/insult-generator/
self-centred dipstick,adult,https://rusttips.com/insult-generator/
bitchy minx,adult,https://rusttips.com/insult-generator/
deceitful jizz guzzler,adult,https://rusttips.com/insult-generator/
clammy beginner,adult,https://rusttips.com/insult-generator/
expired dickweasel,adult,https://rusttips.com/insult-generator/
unimpressive jackwagon,adult,https://rusttips.com/insult-generator/
gormless galah,adult,https://rusttips.com/insult-generator/
immature junglebunny,adult,https://rusttips.com/insult-generator/
abrasive blubber gut,adult,https://rusttips.com/insult-generator/
ignorant jackwagon,adult,https://rusttips.com/insult-generator/
possessive ejaculation,adult,https://rusttips.com/insult-generator/
whining mattressprincess,adult,https://rusttips.com/insult-generator/
boisterous fish fucker,adult,https://rusttips.com/insult-generator/
nonrenewable donkey,adult,https://rusttips.com/insult-generator/
emotionless degenerate,adult,https://rusttips.com/insult-generator/
apathetic skank,adult,https://rusttips.com/insult-generator/
giggling window licker,adult,https://rusttips.com/insult-generator/
judgmental dickweasel,adult,https://rusttips.com/insult-generator/
colossal dicklicker,adult,https://rusttips.com/insult-generator/
fragile pissbaby,adult,https://rusttips.com/insult-generator/
impolite ape covered in human flesh,adult,https://rusttips.com/insult-generator/
flabby piss monkey,adult,https://rusttips.com/insult-generator/
drunken sheepshagger,adult,https://rusttips.com/insult-generator/
bigoted low-life,adult,https://rusttips.com/insult-generator/
rude ballsack,adult,https://rusttips.com/insult-generator/
disturbing fungus,adult,https://rusttips.com/insult-generator/
absolutely mingebag,adult,https://rusttips.com/insult-generator/
foolhardy dickweasel,adult,https://rusttips.com/insult-generator/
ignorant birdfucker,adult,https://rusttips.com/insult-generator/
unsupported pelvic inflammatory disease,adult,https://rusttips.com/insult-generator/
gluttonous retard,adult,https://rusttips.com/insult-generator/
smug slag,adult,https://rusttips.com/insult-generator/
foolish wanker,adult,https://rusttips.com/insult-generator/
inexperienced shitpuddle,adult,https://rusttips.com/insult-generator/
corrupt lowlife,adult,https://rusttips.com/insult-generator/
weak-willed sleezebag,adult,https://rusttips.com/insult-generator/
petite dumbass,adult,https://rusttips.com/insult-generator/
powerless poontang,adult,https://rusttips.com/insult-generator/
vulgar butt-banger,adult,https://rusttips.com/insult-generator/
inconsiderate scumfuck,adult,https://rusttips.com/insult-generator/
unwanted sissy,adult,https://rusttips.com/insult-generator/
aggressive shitnugget,adult,https://rusttips.com/insult-generator/
melodramatic gonorrehea,adult,https://rusttips.com/insult-generator/
worthless mingebag,adult,https://rusttips.com/insult-generator/
seismic herpes,adult,https://rusttips.com/insult-generator/
ordinary limpdick,adult,https://rusttips.com/insult-generator/
irresponsible sissy,adult,https://rusttips.com/insult-generator/
chaotic retard,adult,https://rusttips.com/insult-generator/
petty pussy,adult,https://rusttips.com/insult-generator/
cold-hearted simp,adult,https://rusttips.com/insult-generator/
impolite plonker,adult,https://rusttips.com/insult-generator/
ignorant tonguetramp,adult,https://rusttips.com/insult-generator/
impolite cockqueen,adult,https://rusttips.com/insult-generator/
gormless horseshit,adult,https://rusttips.com/insult-generator/
disconnected blubber gut,adult,https://rusttips.com/insult-generator/
cowardly sausage-masseuse,adult,https://rusttips.com/insult-generator/
machiavellian scumfuck,adult,https://rusttips.com/insult-generator/
remarkable tranny,adult,https://rusttips.com/insult-generator/
absolutely twat,adult,https://rusttips.com/insult-generator/
brutal cunt,adult,https://rusttips.com/insult-generator/
powerless mingebag,adult,https://rusttips.com/insult-generator/
poisonous penispuffer,adult,https://rusttips.com/insult-generator/
hypercritical dicklicker,adult,https://rusttips.com/insult-generator/
inhuman bastard,adult,https://rusttips.com/insult-generator/
unhealthy genital herpes,adult,https://rusttips.com/insult-generator/
vulgar twatwaffle,adult,https://rusttips.com/insult-generator/
ruthless sheepshagger,adult,https://rusttips.com/insult-generator/
powerless scumface,adult,https://rusttips.com/insult-generator/
irresponsible beat-off,adult,https://rusttips.com/insult-generator/
discriminating scrotum,adult,https://rusttips.com/insult-generator/
overemotional scumfuck,adult,https://rusttips.com/insult-generator/
tremendous sheepfucker,adult,https://rusttips.com/insult-generator/
judgmental sphincter,adult,https://rusttips.com/insult-generator/
wretched limpdick,adult,https://rusttips.com/insult-generator/
bad-tempered shitforbrains,adult,https://rusttips.com/insult-generator/
bureaucratic prick,adult,https://rusttips.com/insult-generator/
unceremonious tosser,adult,https://rusttips.com/insult-generator/
fragile cocksucker,adult,https://rusttips.com/insult-generator/
narcissistic limpdick,adult,https://rusttips.com/insult-generator/
stubborn assbag,adult,https://rusttips.com/insult-generator/
clammy pissbaby,adult,https://rusttips.com/insult-generator/
pig-headed dumbass,adult,https://rusttips.com/insult-generator/
tense hippie,adult,https://rusttips.com/insult-generator/
flimsy galah,adult,https://rusttips.com/insult-generator/
average sissy,adult,https://rusttips.com/insult-generator/
dogmatic fannyfucker,adult,https://rusttips.com/insult-generator/
weighty genital herpes,adult,https://rusttips.com/insult-generator/
deceitful fish fucker,adult,https://rusttips.com/insult-generator/
nihilistic sheepshagger,adult,https://rusttips.com/insult-generator/
grim fucktard,adult,https://rusttips.com/insult-generator/
dirty cunt,adult,https://rusttips.com/insult-generator/
melodramatic pudwhacker,adult,https://rusttips.com/insult-generator/
vulgar ejaculation,adult,https://rusttips.com/insult-generator/
gigantic penispuffer,adult,https://rusttips.com/insult-generator/
gormless rabbitfucker,adult,https://rusttips.com/insult-generator/
offensive inbred,adult,https://rusttips.com/insult-generator/
worthless pornprincess,adult,https://rusttips.com/insult-generator/
immature motherfucker,adult,https://rusttips.com/insult-generator/
unpleasant dickweasel,adult,https://rusttips.com/insult-generator/
flimsy bitch,adult,https://rusttips.com/insult-generator/
stubborn mattressprincess,adult,https://rusttips.com/insult-generator/
unceremonious ejaculation,adult,https://rusttips.com/insult-generator/
gluttonous bitch,adult,https://rusttips.com/insult-generator/
clingy badgerfucker,adult,https://rusttips.com/insult-generator/
inconsiderate bitch,adult,https://rusttips.com/insult-generator/
unimpressive douche canoe,adult,https://rusttips.com/insult-generator/
grumpy scumbreath,adult,https://rusttips.com/insult-generator/
wretched shitnugget,adult,https://rusttips.com/insult-generator/
narcissistic wanker,adult,https://rusttips.com/insult-generator/
narrow-minded cum guzzler,adult,https://rusttips.com/insult-generator/
dogmatic sphincter,adult,https://rusttips.com/insult-generator/
disposable tonguetramp,adult,https://rusttips.com/insult-generator/
mediocre cocksucker,adult,https://rusttips.com/insult-generator/
crummy genital herpes,adult,https://rusttips.com/insult-generator/
unpredictable pussy pisser,adult,https://rusttips.com/insult-generator/
lowlife ejaculation,adult,https://rusttips.com/insult-generator/
cold-hearted cuckold,adult,https://rusttips.com/insult-generator/
morbid scrotum,adult,https://rusttips.com/insult-generator/
worthless cocksucker,adult,https://rusttips.com/insult-generator/
remarkable pussy pisser,adult,https://rusttips.com/insult-generator/
possessive shitweasel,adult,https://rusttips.com/insult-generator/
confrontational mattressprincess,adult,https://rusttips.com/insult-generator/
wretched prick,adult,https://rusttips.com/insult-generator/
inoperative fuck nugget,adult,https://rusttips.com/insult-generator/
expired pussy pisser,adult,https://rusttips.com/insult-generator/
elitist crotch socket,adult,http://robietherobot.com/insult-generator.htm
idiotic bitch knob,adult,http://robietherobot.com/insult-generator.htm
communist shit toolbag,adult,http://robietherobot.com/insult-generator.htm
butterface turd pirate,adult,http://robietherobot.com/insult-generator.htm
slutty slut toolbag,adult,http://robietherobot.com/insult-generator.htm
slimy boner knob,adult,http://robietherobot.com/insult-generator.htm
idiotic ass toolbag,adult,http://robietherobot.com/insult-generator.htm
white trash prick pirate,adult,http://robietherobot.com/insult-generator.htm
elitist bitch jockey,adult,http://robietherobot.com/insult-generator.htm
butterface slut biscuit,adult,http://robietherobot.com/insult-generator.htm
slimy shart clown,adult,http://robietherobot.com/insult-generator.htm
communist prick captain,adult,http://robietherobot.com/insult-generator.htm
butterface ass jockey,adult,http://robietherobot.com/insult-generator.htm
slimy boner hound,adult,http://robietherobot.com/insult-generator.htm
ducknose shit goblin,adult,http://robietherobot.com/insult-generator.htm
elitist prick monster,adult,http://robietherobot.com/insult-generator.htm
insecure nut dragon,adult,http://robietherobot.com/insult-generator.htm
communist ass dragon,adult,http://robietherobot.com/insult-generator.htm
communist crotch goblin,adult,http://robietherobot.com/insult-generator.htm
white trash ass box,adult,http://robietherobot.com/insult-generator.htm
ducknose bitch knob,adult,http://robietherobot.com/insult-generator.htm
smelly prick dragon,adult,http://robietherobot.com/insult-generator.htm
stupid fuck jockey,adult,http://robietherobot.com/insult-generator.htm
pie-eating turd jockey,adult,http://robietherobot.com/insult-generator.htm
pie-eating nut waffle,adult,http://robietherobot.com/insult-generator.htm
slimy rectum dragon,adult,http://robietherobot.com/insult-generator.htm
pompous nut goblin,adult,http://robietherobot.com/insult-generator.htm
idiotic douche captain,adult,http://robietherobot.com/insult-generator.htm
butterface fuck waffle,adult,http://robietherobot.com/insult-generator.htm
ducknose crotch toolbag,adult,http://robietherobot.com/insult-generator.htm
pompous shit pirate,adult,http://robietherobot.com/insult-generator.htm
pie-eating nut pirate,adult,http://robietherobot.com/insult-generator.htm
communist duck goblin,adult,http://robietherobot.com/insult-generator.htm
insecure shart knob,adult,http://robietherobot.com/insult-generator.htm
ducknose turd box,adult,http://robietherobot.com/insult-generator.htm
stupid crotch toolbag,adult,http://robietherobot.com/insult-generator.htm
idiotic rectum socket,adult,http://robietherobot.com/insult-generator.htm
butterface nut clown,adult,http://robietherobot.com/insult-generator.htm
communist butt clown,adult,http://robietherobot.com/insult-generator.htm
lazy nut pirate,adult,http://robietherobot.com/insult-generator.htm
communist prick pirate,adult,http://robietherobot.com/insult-generator.htm
white trash turd biscuit,adult,http://robietherobot.com/insult-generator.htm
pompous rectum canoe,adult,http://robietherobot.com/insult-generator.htm
idiotic taint monster,adult,http://robietherobot.com/insult-generator.htm
butterface crotch canoe,adult,http://robietherobot.com/insult-generator.htm
elitist ass biscuit,adult,http://robietherobot.com/insult-generator.htm
butterface bitch pirate,adult,http://robietherobot.com/insult-generator.htm
slimy fuck toolbag,adult,http://robietherobot.com/insult-generator.htm
insult,category,link
antisocial muppet,clean,https://rusttips.com/insult-generator/
irresponsible meg griffin,clean,https://rusttips.com/insult-generator/
mediocre hillbillie,clean,https://rusttips.com/insult-generator/
depressing oompa loompa,clean,https://rusttips.com/insult-generator/
organic degenerate,clean,https://rusttips.com/insult-generator/
pristine degenerate,clean,https://rusttips.com/insult-generator/
gluttonous meg griffin,clean,https://rusttips.com/insult-generator/
inhuman sycophant,clean,https://rusttips.com/insult-generator/
organic meg griffin,clean,https://rusttips.com/insult-generator/
vulgar muppet,clean,https://rusttips.com/insult-generator/
dishonorable oompa loompa,clean,https://rusttips.com/insult-generator/
abrasive incel,clean,https://rusttips.com/insult-generator/
dishonest disease,clean,https://rusttips.com/insult-generator/
giggling scumface,clean,https://rusttips.com/insult-generator/
childish scumface,clean,https://rusttips.com/insult-generator/
anxious orphan,clean,https://rusttips.com/insult-generator/
manipulative hippie,clean,https://rusttips.com/insult-generator/
inoperative dingleberry,clean,https://rusttips.com/insult-generator/
fragile donkey,clean,https://rusttips.com/insult-generator/
unceremonious hillbillie,clean,https://rusttips.com/insult-generator/
unsupported jerk,clean,https://rusttips.com/insult-generator/
unwise terrorist,clean,https://rusttips.com/insult-generator/
childish lowlife,clean,https://rusttips.com/insult-generator/
dismissive oxygen thief,clean,https://rusttips.com/insult-generator/
massive pork,clean,https://rusttips.com/insult-generator/
dishonorable mongoose,clean,https://rusttips.com/insult-generator/
unhealthy landwhale,clean,https://rusttips.com/insult-generator/
stubborn mongoose,clean,https://rusttips.com/insult-generator/
dirty tree hugger,clean,https://rusttips.com/insult-generator/
poisonous birdbrain,clean,https://rusttips.com/insult-generator/
indiscreet scumface,clean,https://rusttips.com/insult-generator/
ruthless unseasoned cabbage,clean,https://rusttips.com/insult-generator/
condescending scum,clean,https://rusttips.com/insult-generator/
narcissistic garbage,clean,https://rusttips.com/insult-generator/
neurotic snowflake,clean,https://rusttips.com/insult-generator/
concrete gorilla,clean,https://rusttips.com/insult-generator/
inexperienced scumbreath,clean,https://rusttips.com/insult-generator/
dishonorable donkey,clean,https://rusttips.com/insult-generator/
bureaucratic terrorist,clean,https://rusttips.com/insult-generator/
psychotic blubber gut,clean,https://rusttips.com/insult-generator/
insane scumface,clean,https://rusttips.com/insult-generator/
below average scumbreath,clean,https://rusttips.com/insult-generator/
judgmental snowflake,clean,https://rusttips.com/insult-generator/
nihilistic doo-doo,clean,https://rusttips.com/insult-generator/
irresponsible mouth breather,clean,https://rusttips.com/insult-generator/
shell-shocked son of a motherless goat,clean,https://rusttips.com/insult-generator/
corrupt toe eyed cabbage,clean,https://rusttips.com/insult-generator/
below average slimebucket,clean,https://rusttips.com/insult-generator/
worthless blubber gut,clean,https://rusttips.com/insult-generator/
small-minded scumface,clean,https://rusttips.com/insult-generator/
gullible dingleberry,clean,https://rusttips.com/insult-generator/
pessimistic mouth breather,clean,https://rusttips.com/insult-generator/
pie-eating turd monster,clean,http://robietherobot.com/insult-generator.htm
foolish fungus,clean,https://rusttips.com/insult-generator/
idiotic turd monster,clean,http://robietherobot.com/insult-generator.htm
white trash duck waffle,clean,http://robietherobot.com/insult-generator.htm
apathetic toe eyed cabbage,clean,https://rusttips.com/insult-generator/
self-centred terrorist,clean,https://rusttips.com/insult-generator/
weighty tampon,clean,https://rusttips.com/insult-generator/
unhealthy degenerate,clean,https://rusttips.com/insult-generator/
dogmatic village idiot,clean,https://rusttips.com/insult-generator/
mediocre hamster,clean,https://rusttips.com/insult-generator/
disconnected toe eyed cabbage,clean,https://rusttips.com/insult-generator/
hedonistic incel,clean,https://rusttips.com/insult-generator/
offensive sewer rat,clean,https://rusttips.com/insult-generator/
pessimistic pooperscooper,clean,https://rusttips.com/insult-generator/
flabby terrorist,clean,https://rusttips.com/insult-generator/
antisocial inbred,clean,https://rusttips.com/insult-generator/
flaky gorilla,clean,https://rusttips.com/insult-generator/
uncivilized bonehead,clean,https://rusttips.com/insult-generator/
unattractive scum,clean,https://rusttips.com/insult-generator/
unreliable swine,clean,https://rusttips.com/insult-generator/
supercilious landwhale,clean,https://rusttips.com/insult-generator/
fragile landwhale,clean,https://rusttips.com/insult-generator/
powerless slimebucket,clean,https://rusttips.com/insult-generator/
grumpy donkey,clean,https://rusttips.com/insult-generator/
depressed simp,clean,https://rusttips.com/insult-generator/
bitter fungus,clean,https://rusttips.com/insult-generator/
complete tampon,clean,https://rusttips.com/insult-generator/
inconsiderable nutjob,clean,https://rusttips.com/insult-generator/
wretched trailertrash,clean,https://rusttips.com/insult-generator/
uncooked dingaling,clean,https://rusttips.com/insult-generator/
narcissistic neanderthal,clean,https://rusttips.com/insult-generator/
cold-hearted tampon,clean,https://rusttips.com/insult-generator/
disturbing son of a motherless goat,clean,https://rusttips.com/insult-generator/
disconnected simp,clean,https://rusttips.com/insult-generator/
crummy swine,clean,https://rusttips.com/insult-generator/
self-absorbed donkey,clean,https://rusttips.com/insult-generator/
narrow-minded neanderthal,clean,https://rusttips.com/insult-generator/
powerless nutjob,clean,https://rusttips.com/insult-generator/
vacuous swine,clean,https://rusttips.com/insult-generator/
irresponsible toe eyed cabbage,clean,https://rusttips.com/insult-generator/
below average nitwit,clean,https://rusttips.com/insult-generator/
self-centred simp,clean,https://rusttips.com/insult-generator/
grumpy bonehead,clean,https://rusttips.com/insult-generator/
mediocre swine,clean,https://rusttips.com/insult-generator/
lazy nut pirate,kid_friendly,https://fungenerators.com/random/insult/childish/
no good turd fairy,kid_friendly,https://fungenerators.com/random/insult/childish/
lazy trash tunnel,kid_friendly,https://fungenerators.com/random/insult/childish/
lazy mongoose mammoth,kid_friendly,https://fungenerators.com/random/insult/childish/
squishy puke captain,kid_friendly,https://fungenerators.com/random/insult/childish/
poopy poop lizard,kid_friendly,https://fungenerators.com/random/insult/childish/
un-smart fart weasel,kid_friendly,https://fungenerators.com/random/insult/childish/
lumpy poop explorer,kid_friendly,https://fungenerators.com/random/insult/childish/
squishy butt captain,kid_friendly,https://fungenerators.com/random/insult/childish/
stinky mongoose captain,kid_friendly,https://fungenerators.com/random/insult/childish/
filthy crap wizard,kid_friendly,https://fungenerators.com/random/insult/childish/
stinky poo goblin,kid_friendly,https://fungenerators.com/random/insult/childish/
evil donkey lizard,kid_friendly,https://fungenerators.com/random/insult/childish/
lazy poop weasel,kid_friendly,https://fungenerators.com/random/insult/childish/
poopy bum weasel,kid_friendly,https://fungenerators.com/random/insult/childish/
lumpy poop lizard,kid_friendly,https://fungenerators.com/random/insult/childish/
boring puke mammoth,kid_friendly,https://fungenerators.com/random/insult/childish/
smelly puke mammoth,kid_friendly,https://fungenerators.com/random/insult/childish/
lazy poop explorer,kid_friendly,https://fungenerators.com/random/insult/childish/
squishy trash wizard,kid_friendly,https://fungenerators.com/random/insult/childish/
un-smart bum weasel,kid_friendly,https://fungenerators.com/random/insult/childish/
rotten trash dragon,kid_friendly,https://fungenerators.com/random/insult/childish/
boring donkey banjo,kid_friendly,https://fungenerators.com/random/insult/childish/
crusty butt tunnel,kid_friendly,https://fungenerators.com/random/insult/childish/
smelly trash goblin,kid_friendly,https://fungenerators.com/random/insult/childish/
silly bum mammoth,kid_friendly,https://fungenerators.com/random/insult/childish/
no good nut mammoth,kid_friendly,https://fungenerators.com/random/insult/childish/
boring wiener wizard,kid_friendly,https://fungenerators.com/random/insult/childish/
silly nut banjo,kid_friendly,https://fungenerators.com/random/insult/childish/
smelly poo pirate,kid_friendly,https://fungenerators.com/random/insult/childish/
no good bum hamster,kid_friendly,https://fungenerators.com/random/insult/childish/
squishy fart dragon,kid_friendly,https://fungenerators.com/random/insult/childish/
poopy poop fairy,kid_friendly,https://fungenerators.com/random/insult/childish/
smelly fart wizard,kid_friendly,https://fungenerators.com/random/insult/childish/
lumpy trash wizard,kid_friendly,https://fungenerators.com/random/insult/childish/
boring trash hamster,kid_friendly,https://fungenerators.com/random/insult/childish/
un-smart wiener tunnel,kid_friendly,https://fungenerators.com/random/insult/childish/
no good donkey wizard,kid_friendly,https://fungenerators.com/random/insult/childish/
lazy puke explorer,kid_friendly,https://fungenerators.com/random/insult/childish/
evil crab tunnel,kid_friendly,https://fungenerators.com/random/insult/childish/
rusty bum captain,kid_friendly,https://fungenerators.com/random/insult/childish/
brainless poo wizard,kid_friendly,https://fungenerators.com/random/insult/childish/
filthy rod lizard,kid_friendly,https://fungenerators.com/random/insult/childish/
evil donkey dragon,kid_friendly,https://fungenerators.com/random/insult/childish/
rotten poop goblin,kid_friendly,https://fungenerators.com/random/insult/childish/
crusty nut goblin,kid_friendly,https://fungenerators.com/random/insult/childish/
smelly bum goblin,kid_friendly,https://fungenerators.com/random/insult/childish/
crusty rod pirate,kid_friendly,https://fungenerators.com/random/insult/childish/
lumpy nut hamster,kid_friendly,https://fungenerators.com/random/insult/childish/
lumpy puke pirate,kid_friendly,https://fungenerators.com/random/insult/childish/
poopy mongoose goblin,kid_friendly,https://fungenerators.com/random/insult/childish/
smelly mongoose explorer,kid_friendly,https://fungenerators.com/random/insult/childish/
stupid poop hamster,kid_friendly,https://fungenerators.com/random/insult/childish/
stinky mongoose mammoth,kid_friendly,https://fungenerators.com/random/insult/childish/
rusty rod banjo,kid_friendly,https://fungenerators.com/random/insult/childish/
squishy fart weasel,kid_friendly,https://fungenerators.com/random/insult/childish/
crusty mongoose weasel,kid_friendly,https://fungenerators.com/random/insult/childish/
rotten donkey tunnel,kid_friendly,https://fungenerators.com/random/insult/childish/
evil poop mammoth,kid_friendly,https://fungenerators.com/random/insult/childish/
crusty trash wizard,kid_friendly,https://fungenerators.com/random/insult/childish/
rotten poo banjo,kid_friendly,https://fungenerators.com/random/insult/childish/
lumpy turd hamster,kid_friendly,https://fungenerators.com/random/insult/childish/
smelly donkey dragon,kid_friendly,https://fungenerators.com/random/insult/childish/
rotten turd captain,kid_friendly,https://fungenerators.com/random/insult/childish/
boring butt captain,kid_friendly,https://fungenerators.com/random/insult/childish/
squishy fart explorer,kid_friendly,https://fungenerators.com/random/insult/childish/
crusty fart banjo,kid_friendly,https://fungenerators.com/random/insult/childish/
no good butt pirate,kid_friendly,https://fungenerators.com/random/insult/childish/
filthy wiener pirate,kid_friendly,https://fungenerators.com/random/insult/childish/
boring rod hamster,kid_friendly,https://fungenerators.com/random/insult/childish/
stupid nut mammoth,kid_friendly,https://fungenerators.com/random/insult/childish/
poopy bum tunnel,kid_friendly,https://fungenerators.com/random/insult/childish/
filthy poop mammoth,kid_friendly,https://fungenerators.com/random/insult/childish/
lumpy bum lizard,kid_friendly,https://fungenerators.com/random/insult/childish/
filthy turd dragon,kid_friendly,https://fungenerators.com/random/insult/childish/
squishy wiener mammoth,kid_friendly,https://fungenerators.com/random/insult/childish/
crusty poo tunnel,kid_friendly,https://fungenerators.com/random/insult/childish/
lazy crap dragon,kid_friendly,https://fungenerators.com/random/insult/childish/
evil turd hamster,kid_friendly,https://fungenerators.com/random/insult/childish/
un-smart mongoose pirate,kid_friendly,https://fungenerators.com/random/insult/childish/
un-smart mongoose wizard,kid_friendly,https://fungenerators.com/random/insult/childish/
no good wiener pirate,kid_friendly,https://fungenerators.com/random/insult/childish/
no good poop mammoth,kid_friendly,https://fungenerators.com/random/insult/childish/
brainless crab hamster,kid_friendly,https://fungenerators.com/random/insult/childish/
rotten puke dragon,kid_friendly,https://fungenerators.com/random/insult/childish/
no good fart goblin,kid_friendly,https://fungenerators.com/random/insult/childish/
no good trash banjo,kid_friendly,https://fungenerators.com/random/insult/childish/
brainless poop tunnel,kid_friendly,https://fungenerators.com/random/insult/childish/
crusty donkey pirate,kid_friendly,https://fungenerators.com/random/insult/childish/
lumpy mongoose fairy,kid_friendly,https://fungenerators.com/random/insult/childish/
lumpy poo tunnel,kid_friendly,https://fungenerators.com/random/insult/childish/
stupid bum tunnel,kid_friendly,https://fungenerators.com/random/insult/childish/
smelly rod mammoth,kid_friendly,https://fungenerators.com/random/insult/childish/
filthy mongoose captain,kid_friendly,https://fungenerators.com/random/insult/childish/
silly bum wizard,kid_friendly,https://fungenerators.com/random/insult/childish/
un-smart wiener fairy,kid_friendly,https://fungenerators.com/random/insult/childish/
poopy bum explorer,kid_friendly,https://fungenerators.com/random/insult/childish/
rotten crab weasel,kid_friendly,https://fungenerators.com/random/insult/childish/
un-smart rod captain,kid_friendly,https://fungenerators.com/random/insult/childish/
smelly butt explorer,kid_friendly,https://fungenerators.com/random/insult/childish/
filthy turd explorer,kid_friendly,https://fungenerators.com/random/insult/childish/
squishy fart tunnel,kid_friendly,https://fungenerators.com/random/insult/childish/
evil rod dragon,kid_friendly,https://fungenerators.com/random/insult/childish/
no good mongoose wizard,kid_friendly,https://fungenerators.com/random/insult/childish/
boring fart fairy,kid_friendly,https://fungenerators.com/random/insult/childish/
stupid turd explorer,kid_friendly,https://fungenerators.com/random/insult/childish/
lumpy butt wizard,kid_friendly,https://fungenerators.com/random/insult/childish/
rotten poop banjo,kid_friendly,https://fungenerators.com/random/insult/childish/
stupid nut dragon,kid_friendly,https://fungenerators.com/random/insult/childish/
stupid mongoose goblin,kid_friendly,https://fungenerators.com/random/insult/childish/
crusty rod captain,kid_friendly,https://fungenerators.com/random/insult/childish/
poopy fart lizard,kid_friendly,https://fungenerators.com/random/insult/childish/
squishy turd hamster,kid_friendly,https://fungenerators.com/random/insult/childish/
rotten wiener fairy,kid_friendly,https://fungenerators.com/random/insult/childish/
un-smart mongoose explorer,kid_friendly,https://fungenerators.com/random/insult/childish/
squishy crap tunnel,kid_friendly,https://fungenerators.com/random/insult/childish/
lumpy mongoose mammoth,kid_friendly,https://fungenerators.com/random/insult/childish/
lumpy trash fairy,kid_friendly,https://fungenerators.com/random/insult/childish/
rusty rod wizard,kid_friendly,https://fungenerators.com/random/insult/childish/
brainless butt fairy,kid_friendly,https://fungenerators.com/random/insult/childish/
stupid nut hamster,kid_friendly,https://fungenerators.com/random/insult/childish/
evil crap pirate,kid_friendly,https://fungenerators.com/random/insult/childish/
squishy crab goblin,kid_friendly,https://fungenerators.com/random/insult/childish/
brainless donkey wizard,kid_friendly,https://fungenerators.com/random/insult/childish/
stinky puke dragon,kid_friendly,https://fungenerators.com/random/insult/childish/
smelly donkey explorer,kid_friendly,https://fungenerators.com/random/insult/childish/
silly poop fairy,kid_friendly,https://fungenerators.com/random/insult/childish/
boring bum goblin,kid_friendly,https://fungenerators.com/random/insult/childish/
lumpy trash pirate,kid_friendly,https://fungenerators.com/random/insult/childish/
no good rod weasel,kid_friendly,https://fungenerators.com/random/insult/childish/
filthy trash banjo,kid_friendly,https://fungenerators.com/random/insult/childish/
stupid rod captain,kid_friendly,https://fungenerators.com/random/insult/childish/
poopy bum captain,kid_friendly,https://fungenerators.com/random/insult/childish/
crusty butt mammoth,kid_friendly,https://fungenerators.com/random/insult/childish/
stinky butt captain,kid_friendly,https://fungenerators.com/random/insult/childish/
un-smart poop hamster,kid_friendly,https://fungenerators.com/random/insult/childish/
crusty puke fairy,kid_friendly,https://fungenerators.com/random/insult/childish/
un-smart crap mammoth,kid_friendly,https://fungenerators.com/random/insult/childish/
stinky poo banjo,kid_friendly,https://fungenerators.com/random/insult/childish/
un-smart bum goblin,kid_friendly,https://fungenerators.com/random/insult/childish/
no good bum explorer,kid_friendly,https://fungenerators.com/random/insult/childish/
squishy rod hamster,kid_friendly,https://fungenerators.com/random/insult/childish/
lumpy crab banjo,kid_friendly,https://fungenerators.com/random/insult/childish/
smelly bum banjo,kid_friendly,https://fungenerators.com/random/insult/childish/
poopy bum hamster,kid_friendly,https://fungenerators.com/random/insult/childish/
no good trash mammoth,kid_friendly,https://fungenerators.com/random/insult/childish/
no good nut explorer,kid_friendly,https://fungenerators.com/random/insult/childish/
stupid rod fairy,kid_friendly,https://fungenerators.com/random/insult/childish/
stupid donkey pirate,kid_friendly,https://fungenerators.com/random/insult/childish/
filthy crab explorer,kid_friendly,https://fungenerators.com/random/insult/childish/
no good crap weasel,kid_friendly,https://fungenerators.com/random/insult/childish/
brainless crap lizard,kid_friendly,https://fungenerators.com/random/insult/childish/
un-smart puke goblin,kid_friendly,https://fungenerators.com/random/insult/childish/
un-smart rod wizard,kid_friendly,https://fungenerators.com/random/insult/childish/
rusty donkey goblin,kid_friendly,https://fungenerators.com/random/insult/childish/
lumpy mongoose explorer,kid_friendly,https://fungenerators.com/random/insult/childish/
rotten nut tunnel,kid_friendly,https://fungenerators.com/random/insult/childish/
silly wiener explorer,kid_friendly,https://fungenerators.com/random/insult/childish/
poopy rod wizard,kid_friendly,https://fungenerators.com/random/insult/childish/
filthy rod tunnel,kid_friendly,https://fungenerators.com/random/insult/childish/
crusty mongoose fairy,kid_friendly,https://fungenerators.com/random/insult/childish/
rusty turd weasel,kid_friendly,https://fungenerators.com/random/insult/childish/
no good crab wizard,kid_friendly,https://fungenerators.com/random/insult/childish/
crusty wiener lizard,kid_friendly,https://fungenerators.com/random/insult/childish/
un-smart poop wizard,kid_friendly,https://fungenerators.com/random/insult/childish/
smelly fart tunnel,kid_friendly,https://fungenerators.com/random/insult/childish/
filthy butt fairy,kid_friendly,https://fungenerators.com/random/insult/childish/
silly rod explorer,kid_friendly,https://fungenerators.com/random/insult/childish/
evil rod lizard,kid_friendly,https://fungenerators.com/random/insult/childish/
poopy trash pirate,kid_friendly,https://fungenerators.com/random/insult/childish/
un-smart puke tunnel,kid_friendly,https://fungenerators.com/random/insult/childish/
lumpy crap dragon,kid_friendly,https://fungenerators.com/random/insult/childish/
no good crab fairy,kid_friendly,https://fungenerators.com/random/insult/childish/
squishy wiener weasel,kid_friendly,https://fungenerators.com/random/insult/childish/
squishy nut wizard,kid_friendly,https://fungenerators.com/random/insult/childish/
squishy poop hamster,kid_friendly,https://fungenerators.com/random/insult/childish/
boring poop weasel,kid_friendly,https://fungenerators.com/random/insult/childish/
squishy nut fairy,kid_friendly,https://fungenerators.com/random/insult/childish/
smelly nut captain,kid_friendly,https://fungenerators.com/random/insult/childish/
boring wiener mammoth,kid_friendly,https://fungenerators.com/random/insult/childish/
brainless puke lizard,kid_friendly,https://fungenerators.com/random/insult/childish/
poopy trash banjo,kid_friendly,https://fungenerators.com/random/insult/childish/
boring poo dragon,kid_friendly,https://fungenerators.com/random/insult/childish/
stinky turd explorer,kid_friendly,https://fungenerators.com/random/insult/childish/
smelly trash mammoth,kid_friendly,https://fungenerators.com/random/insult/childish/
smelly fart hamster,kid_friendly,https://fungenerators.com/random/insult/childish/
lazy poo dragon,kid_friendly,https://fungenerators.com/random/insult/childish/
evil wiener dragon,kid_friendly,https://fungenerators.com/random/insult/childish/
stinky puke weasel,kid_friendly,https://fungenerators.com/random/insult/childish/
smelly crab hamster,kid_friendly,https://fungenerators.com/random/insult/childish/
filthy puke lizard,kid_friendly,https://fungenerators.com/random/insult/childish/
rotten bum explorer,kid_friendly,https://fungenerators.com/random/insult/childish/
stupid poo explorer,kid_friendly,https://fungenerators.com/random/insult/childish/
boring crab tunnel,kid_friendly,https://fungenerators.com/random/insult/childish/
stupid donkey dragon,kid_friendly,https://fungenerators.com/random/insult/childish/
lumpy bum banjo,kid_friendly,https://fungenerators.com/random/insult/childish/
poopy wiener tunnel,kid_friendly,https://fungenerators.com/random/insult/childish/
evil rod explorer,kid_friendly,https://fungenerators.com/random/insult/childish/
stupid puke goblin,kid_friendly,https://fungenerators.com/random/insult/childish/
lazy poop captain,kid_friendly,https://fungenerators.com/random/insult/childish/
smelly rod explorer,kid_friendly,https://fungenerators.com/random/insult/childish/
rotten donkey explorer,kid_friendly,https://fungenerators.com/random/insult/childish/
squishy mongoose dragon,kid_friendly,https://fungenerators.com/random/insult/childish/
un-smart crab wizard,kid_friendly,https://fungenerators.com/random/insult/childish/
lumpy donkey tunnel,kid_friendly,https://fungenerators.com/random/insult/childish/
boring crab fairy,kid_friendly,https://fungenerators.com/random/insult/childish/
un-smart turd dragon,kid_friendly,https://fungenerators.com/random/insult/childish/
no good crab hamster,kid_friendly,https://fungenerators.com/random/insult/childish/
rusty nut explorer,kid_friendly,https://fungenerators.com/random/insult/childish/
silly wiener mammoth,kid_friendly,https://fungenerators.com/random/insult/childish/
crusty poo goblin,kid_friendly,https://fungenerators.com/random/insult/childish/
crusty poop weasel,kid_friendly,https://fungenerators.com/random/insult/childish/
fragile doo-doo,kid_friendly,https://rusttips.com/insult-generator/
gigantic poopface,kid_friendly,https://rusttips.com/insult-generator/
filthy doo-doo,kid_friendly,https://rusttips.com/insult-generator/
whining doo-doo,kid_friendly,https://rusttips.com/insult-generator/
lumpy donkey pirate,kid_friendly,https://fungenerators.com/random/insult/childish/
poopy turd banjo,kid_friendly,https://fungenerators.com/random/insult/childish/
evil fart wizard,kid_friendly,https://fungenerators.com/random/insult/childish/
un-smart poo lizard,kid_friendly,https://fungenerators.com/random/insult/childish/
poopy poop weasel,kid_friendly,https://fungenerators.com/random/insult/childish/
stupid donkey banjo,kid_friendly,https://fungenerators.com/random/insult/childish/
lumpy nut tunnel,kid_friendly,https://fungenerators.com/random/insult/childish/
silly wiener wizard,kid_friendly,https://fungenerators.com/random/insult/childish/
squishy mongoose banjo,kid_friendly,https://fungenerators.com/random/insult/childish/
stupid trash weasel,kid_friendly,https://fungenerators.com/random/insult/childish/
un-smart bum fairy,kid_friendly,https://fungenerators.com/random/insult/childish/
squishy butt hamster,kid_friendly,https://fungenerators.com/random/insult/childish/
squishy wiener lizard,kid_friendly,https://fungenerators.com/random/insult/childish/
un-smart puke mammoth,kid_friendly,https://fungenerators.com/random/insult/childish/
silly turd fairy,kid_friendly,https://fungenerators.com/random/insult/childish/
rotten crab pirate,kid_friendly,https://fungenerators.com/random/insult/childish/
evil butt weasel,kid_friendly,https://fungenerators.com/random/insult/childish/
evil bum weasel,kid_friendly,https://fungenerators.com/random/insult/childish/
stupid crap pirate,kid_friendly,https://fungenerators.com/random/insult/childish/
crusty bum goblin,kid_friendly,https://fungenerators.com/random/insult/childish/
lumpy puke dragon,kid_friendly,https://fungenerators.com/random/insult/childish/
poopy turd hamster,kid_friendly,https://fungenerators.com/random/insult/childish/
lazy crap goblin,kid_friendly,https://fungenerators.com/random/insult/childish/
silly rod hamster,kid_friendly,https://fungenerators.com/random/insult/childish/
rusty wiener fairy,kid_friendly,https://fungenerators.com/random/insult/childish/
lumpy mongoose pirate,kid_friendly,https://fungenerators.com/random/insult/childish/
stinky wiener weasel,kid_friendly,https://fungenerators.com/random/insult/childish/
no good puke wizard,kid_friendly,https://fungenerators.com/random/insult/childish/
lumpy donkey fairy,kid_friendly,https://fungenerators.com/random/insult/childish/
stinky bum hamster,kid_friendly,https://fungenerators.com/random/insult/childish/
smelly turd pirate,kid_friendly,https://fungenerators.com/random/insult/childish/
silly rod tunnel,kid_friendly,https://fungenerators.com/random/insult/childish/
smelly crab weasel,kid_friendly,https://fungenerators.com/random/insult/childish/
silly crab wizard,kid_friendly,https://fungenerators.com/random/insult/childish/
lumpy rod fairy,kid_friendly,https://fungenerators.com/random/insult/childish/
stupid wiener explorer,kid_friendly,https://fungenerators.com/random/insult/childish/
lumpy fart lizard,kid_friendly,https://fungenerators.com/random/insult/childish/
lazy butt tunnel,kid_friendly,https://fungenerators.com/random/insult/childish/
silly poop explorer,kid_friendly,https://fungenerators.com/random/insult/childish/
crusty crab captain,kid_friendly,https://fungenerators.com/random/insult/childish/
no good mongoose hamster,kid_friendly,https://fungenerators.com/random/insult/childish/
rotten wiener dragon,kid_friendly,https://fungenerators.com/random/insult/childish/
stinky trash dragon,kid_friendly,https://fungenerators.com/random/insult/childish/
silly turd hamster,kid_friendly,https://fungenerators.com/random/insult/childish/
un-smart butt weasel,kid_friendly,https://fungenerators.com/random/insult/childish/
poopy crab hamster,kid_friendly,https://fungenerators.com/random/insult/childish/
brainless crap hamster,kid_friendly,https://fungenerators.com/random/insult/childish/
poopy turd captain,kid_friendly,https://fungenerators.com/random/insult/childish/
brainless fart goblin,kid_friendly,https://fungenerators.com/random/insult/childish/
filthy nut lizard,kid_friendly,https://fungenerators.com/random/insult/childish/
rotten donkey hamster,kid_friendly,https://fungenerators.com/random/insult/childish/
silly poop mammoth,kid_friendly,https://fungenerators.com/random/insult/childish/
squishy crap wizard,kid_friendly,https://fungenerators.com/random/insult/childish/
squishy crab explorer,kid_friendly,https://fungenerators.com/random/insult/childish/
lazy fart mammoth,kid_friendly,https://fungenerators.com/random/insult/childish/
lumpy mongoose wizard,kid_friendly,https://fungenerators.com/random/insult/childish/
lumpy poop banjo,kid_friendly,https://fungenerators.com/random/insult/childish/
crusty crab goblin,kid_friendly,https://fungenerators.com/random/insult/childish/
un-smart butt pirate,kid_friendly,https://fungenerators.com/random/insult/childish/
boring rod explorer,kid_friendly,https://fungenerators.com/random/insult/childish/
lazy fart hamster,kid_friendly,https://fungenerators.com/random/insult/childish/
boring nut banjo,kid_friendly,https://fungenerators.com/random/insult/childish/
crusty donkey fairy,kid_friendly,https://fungenerators.com/random/insult/childish/
lumpy mongoose captain,kid_friendly,https://fungenerators.com/random/insult/childish/
squishy crap explorer,kid_friendly,https://fungenerators.com/random/insult/childish/
poopy crap fairy,kid_friendly,https://fungenerators.com/random/insult/childish/
rusty crap hamster,kid_friendly,https://fungenerators.com/random/insult/childish/
squishy crab wizard,kid_friendly,https://fungenerators.com/random/insult/childish/
poopy butt weasel,kid_friendly,https://fungenerators.com/random/insult/childish/
stupid fart banjo,kid_friendly,https://fungenerators.com/random/insult/childish/
brainless donkey weasel,kid_friendly,https://fungenerators.com/random/insult/childish/
crusty fart dragon,kid_friendly,https://fungenerators.com/random/insult/childish/
rotten trash wizard,kid_friendly,https://fungenerators.com/random/insult/childish/
lumpy bum mammoth,kid_friendly,https://fungenerators.com/random/insult/childish/
lumpy turd dragon,kid_friendly,https://fungenerators.com/random/insult/childish/
stupid wiener weasel,kid_friendly,https://fungenerators.com/random/insult/childish/
evil puke banjo,kid_friendly,https://fungenerators.com/random/insult/childish/
no good poo weasel,kid_friendly,https://fungenerators.com/random/insult/childish/
brainless nut pirate,kid_friendly,https://fungenerators.com/random/insult/childish/
un-smart crab explorer,kid_friendly,https://fungenerators.com/random/insult/childish/
squishy puke pirate,kid_friendly,https://fungenerators.com/random/insult/childish/
brainless puke fairy,kid_friendly,https://fungenerators.com/random/insult/childish/
crusty wiener banjo,kid_friendly,https://fungenerators.com/random/insult/childish/
filthy rod goblin,kid_friendly,https://fungenerators.com/random/insult/childish/
crusty butt weasel,kid_friendly,https://fungenerators.com/random/insult/childish/
boring bum mammoth,kid_friendly,https://fungenerators.com/random/insult/childish/
silly poo weasel,kid_friendly,https://fungenerators.com/random/insult/childish/
lickspittal granny-garroting changeling,medieval,https://fungenerators.com/random/insult/medieval-insult/
poxridden daughter of a blighter,medieval,https://fungenerators.com/random/insult/medieval-insult/
simpering excuse for a clotpole,medieval,https://fungenerators.com/random/insult/medieval-insult/
raggedy impertinent maggot-pie,medieval,https://fungenerators.com/random/insult/medieval-insult/
woebegone wretched bug-bear,medieval,https://fungenerators.com/random/insult/medieval-insult/
maggoty gormless poltroon,medieval,https://fungenerators.com/random/insult/medieval-insult/
churlish dog-hearted hamster,medieval,https://fungenerators.com/random/insult/medieval-insult/
doddering saucy blackguard,medieval,https://fungenerators.com/random/insult/medieval-insult/
fly-splattered malcontent tatterdemalion,medieval,https://fungenerators.com/random/insult/medieval-insult/
cancerous swag-bellied urchin,medieval,https://fungenerators.com/random/insult/medieval-insult/
rank dirt-eating boar-pig,medieval,https://fungenerators.com/random/insult/medieval-insult/
dung-eating loutish cessbucket,medieval,https://fungenerators.com/random/insult/medieval-insult/
dunderheaded bastard son of a cessbucket,medieval,https://fungenerators.com/random/insult/medieval-insult/
foot-licking loutish leech,medieval,https://fungenerators.com/random/insult/medieval-insult/
shite-spattered dog-hearted dandy,medieval,https://fungenerators.com/random/insult/medieval-insult/
dunderheaded pig-snouted insect,medieval,https://fungenerators.com/random/insult/medieval-insult/
teat-sucking malcontent chamber pot,medieval,https://fungenerators.com/random/insult/medieval-insult/
dog-headed venomous bedlamite,medieval,https://fungenerators.com/random/insult/medieval-insult/
mewling spittle-dripping trollop,medieval,https://fungenerators.com/random/insult/medieval-insult/
rank spongy scion,medieval,https://fungenerators.com/random/insult/medieval-insult/
uncouth rascally miscreant,medieval,https://fungenerators.com/random/insult/medieval-insult/
sulphurous motherless viper,medieval,https://fungenerators.com/random/insult/medieval-insult/
sheep-biting bastard son of a popinjay,medieval,https://fungenerators.com/random/insult/medieval-insult/
pitiful beetle-boned cutpurse,medieval,https://fungenerators.com/random/insult/medieval-insult/
cancerous strumpet-sired insect,medieval,https://fungenerators.com/random/insult/medieval-insult/
roguish lice-covered bedlamite,medieval,https://fungenerators.com/random/insult/medieval-insult/
swinish toss-pot numbskull,medieval,https://fungenerators.com/random/insult/medieval-insult/
mouse-hearted saucy goose,medieval,https://fungenerators.com/random/insult/medieval-insult/
ox-bottomed gormless vagabond,medieval,https://fungenerators.com/random/insult/medieval-insult/
loathsome slobbering peon,medieval,https://fungenerators.com/random/insult/medieval-insult/
goatish clay-brained cur,medieval,https://fungenerators.com/random/insult/medieval-insult/
uncouth idiote hedge-pig,medieval,https://fungenerators.com/random/insult/medieval-insult/
churlish soulless flapdoodle,medieval,https://fungenerators.com/random/insult/medieval-insult/
cut-throat excuse for a bug-bear,medieval,https://fungenerators.com/random/insult/medieval-insult/
poxridden ill-natured jackass,medieval,https://fungenerators.com/random/insult/medieval-insult/
raggedy gorbellied nonentity,medieval,https://fungenerators.com/random/insult/medieval-insult/
sheep-biting motherless bug-bear,medieval,https://fungenerators.com/random/insult/medieval-insult/
fly-splattered pusillanimous popinjay,medieval,https://fungenerators.com/random/insult/medieval-insult/
pox-marked low-born viper,medieval,https://fungenerators.com/random/insult/medieval-insult/
sulphurous furibund leper,medieval,https://fungenerators.com/random/insult/medieval-insult/
raggedy milk-livered cattle-thief,medieval,https://fungenerators.com/random/insult/medieval-insult/
woebegone daughter of a scullery maid,medieval,https://fungenerators.com/random/insult/medieval-insult/
dunderheaded excuse for a flapdoodle,medieval,https://fungenerators.com/random/insult/medieval-insult/
idolatrous blockheaded cutpurse,medieval,https://fungenerators.com/random/insult/medieval-insult/
silly unworthy clotpole,medieval,https://fungenerators.com/random/insult/medieval-insult/
dog-headed beetle-boned cad,medieval,https://fungenerators.com/random/insult/medieval-insult/
mouse-hearted boil bottomed jackass,medieval,https://fungenerators.com/random/insult/medieval-insult/
vile dirt-eating crone,medieval,https://fungenerators.com/random/insult/medieval-insult/
puking bastard son of a crone,medieval,https://fungenerators.com/random/insult/medieval-insult/
lumpish hell-spawned peekgoose,medieval,https://fungenerators.com/random/insult/medieval-insult/
sheep-biting soulless hobgoblin,medieval,https://fungenerators.com/random/insult/medieval-insult/
simpering pagan miscreant,medieval,https://fungenerators.com/random/insult/medieval-insult/
lumpish simpleton flapdoodle,medieval,https://fungenerators.com/random/insult/medieval-insult/
tomfool rascally eunuch,medieval,https://fungenerators.com/random/insult/medieval-insult/
gluttonous unworthy urchin,medieval,https://fungenerators.com/random/insult/medieval-insult/
doddering pagan spitoon,medieval,https://fungenerators.com/random/insult/medieval-insult/
rude villainous whore-son,medieval,https://fungenerators.com/random/insult/medieval-insult/
dog-headed low-born jackanapes,medieval,https://fungenerators.com/random/insult/medieval-insult/
hog-hearted dung-splattered varlot,medieval,https://fungenerators.com/random/insult/medieval-insult/
tomfool clay-brained hugger-mugger,medieval,https://fungenerators.com/random/insult/medieval-insult/
puking landless popinjay,medieval,https://fungenerators.com/random/insult/medieval-insult/
heretic cretinous bedlamite,medieval,https://fungenerators.com/random/insult/medieval-insult/
foot-licking wretched peasant,medieval,https://fungenerators.com/random/insult/medieval-insult/
mewling malodorous changeling,medieval,https://fungenerators.com/random/insult/medieval-insult/
uncouth boil-brained poltroon,medieval,https://fungenerators.com/random/insult/medieval-insult/
puny tripe-visaged peon,medieval,https://fungenerators.com/random/insult/medieval-insult/
lumpish base-born goose,medieval,https://fungenerators.com/random/insult/medieval-insult/
mewling villainous tatterdemalion,medieval,https://fungenerators.com/random/insult/medieval-insult/
preposterous malodorous bampot,medieval,https://fungenerators.com/random/insult/medieval-insult/
puking pig-snouted minnow,medieval,https://fungenerators.com/random/insult/medieval-insult/
treacherous hell-spawned goose,medieval,https://fungenerators.com/random/insult/medieval-insult/
dog-headed unworthy gutter-snipe,medieval,https://fungenerators.com/random/insult/medieval-insult/
roguish dog-hearted scullery maid,medieval,https://fungenerators.com/random/insult/medieval-insult/
puss filled impertinent spitoon,medieval,https://fungenerators.com/random/insult/medieval-insult/
heretic wretched toad,medieval,https://fungenerators.com/random/insult/medieval-insult/
heretic slobbering minnow,medieval,https://fungenerators.com/random/insult/medieval-insult/
blaggard dog-hearted crone,medieval,https://fungenerators.com/random/insult/medieval-insult/
preposterous odoriferous vagabond,medieval,https://fungenerators.com/random/insult/medieval-insult/
shameful wretched miscreant,medieval,https://fungenerators.com/random/insult/medieval-insult/
goatish unctuous boar-pig,medieval,https://fungenerators.com/random/insult/medieval-insult/
flee-bitten toss-pot vagabond,medieval,https://fungenerators.com/random/insult/medieval-insult/
tosspot villainous toad,medieval,https://fungenerators.com/random/insult/medieval-insult/
scabby dung-splattered leech,medieval,https://fungenerators.com/random/insult/medieval-insult/
hog-hearted boil bottomed wazzack,medieval,https://fungenerators.com/random/insult/medieval-insult/
heretic strumpet-sired ogre,medieval,https://fungenerators.com/random/insult/medieval-insult/
blaggard pustulated changeling,medieval,https://fungenerators.com/random/insult/medieval-insult/
scabby impertinent viper,medieval,https://fungenerators.com/random/insult/medieval-insult/
scabrous inhuman blighter,medieval,https://fungenerators.com/random/insult/medieval-insult/
shameful pustulated fishmonger,medieval,https://fungenerators.com/random/insult/medieval-insult/
rank strumpet-sired knave,medieval,https://fungenerators.com/random/insult/medieval-insult/
swinish gorbellied knave,medieval,https://fungenerators.com/random/insult/medieval-insult/
woebegone soulless flapdoodle,medieval,https://fungenerators.com/random/insult/medieval-insult/
hideous son of a peon,medieval,https://fungenerators.com/random/insult/medieval-insult/
blaggard rump-fed untouchable,medieval,https://fungenerators.com/random/insult/medieval-insult/
simpering slobbering village idiot,medieval,https://fungenerators.com/random/insult/medieval-insult/
dwarfish cretinous popinjay,medieval,https://fungenerators.com/random/insult/medieval-insult/
syphalitic commode-licking nonentity,medieval,https://fungenerators.com/random/insult/medieval-insult/
raggedy foolish blaggart,medieval,https://fungenerators.com/random/insult/medieval-insult/
ill-bred pustulated leper,medieval,https://fungenerators.com/random/insult/medieval-insult/
foot-licking incestuous wazzack,medieval,https://fungenerators.com/random/insult/medieval-insult/
goatish ruff-sucking nerdowell,medieval,https://fungenerators.com/random/insult/medieval-insult/
idolatrous blockheaded peasant,medieval,https://fungenerators.com/random/insult/medieval-insult/
chowderheaded malcontent cod-piece,medieval,https://fungenerators.com/random/insult/medieval-insult/
scurvy lice-infested dunce,medieval,https://fungenerators.com/random/insult/medieval-insult/
raggedy commode-licking witch,medieval,https://fungenerators.com/random/insult/medieval-insult/
hideous base-born rapscallion,medieval,https://fungenerators.com/random/insult/medieval-insult/
fiendish shit-shovelling viper,medieval,https://fungenerators.com/random/insult/medieval-insult/
idolatrous soulless peasant,medieval,https://fungenerators.com/random/insult/medieval-insult/
quailing pinch-spotted haggard,shakespeare,https://fungenerators.com/random/insult/shakespeare/
vacant earth-vexing scut,shakespeare,https://fungenerators.com/random/insult/shakespeare/
artless hasty-witted pantaloon,shakespeare,https://fungenerators.com/random/insult/shakespeare/
brazen bat-fowling horn-beast,shakespeare,https://fungenerators.com/random/insult/shakespeare/
haughty ill-composed mumble-news,shakespeare,https://fungenerators.com/random/insult/shakespeare/
bawdy heavy-handed whey-face,shakespeare,https://fungenerators.com/random/insult/shakespeare/
pernicious beef-witted whey-face,shakespeare,https://fungenerators.com/random/insult/shakespeare/
spongy bunched-backed whipster,shakespeare,https://fungenerators.com/random/insult/shakespeare/
fitful paper-faced dogfish,shakespeare,https://fungenerators.com/random/insult/shakespeare/
vain dread-bolted wagtail,shakespeare,https://fungenerators.com/random/insult/shakespeare/
weedy evil-eyed flax-wench,shakespeare,https://fungenerators.com/random/insult/shakespeare/
venomed rude-growing cutpurse,shakespeare,https://fungenerators.com/random/insult/shakespeare/
unmuzzled pox-marked dewberry,shakespeare,https://fungenerators.com/random/insult/shakespeare/
impertinent heavy-handed canker-blossom,shakespeare,https://fungenerators.com/random/insult/shakespeare/
distempered toad-spotted rabbit-sucker,shakespeare,https://fungenerators.com/random/insult/shakespeare/
rank reeling-ripe flax-wench,shakespeare,https://fungenerators.com/random/insult/shakespeare/
knavish heavy-handed gull-catcher,shakespeare,https://fungenerators.com/random/insult/shakespeare/
churlish pottle-deep manikin,shakespeare,https://fungenerators.com/random/insult/shakespeare/
roynish tardy-gaited measle,shakespeare,https://fungenerators.com/random/insult/shakespeare/
mammering sour-faced malignancy,shakespeare,https://fungenerators.com/random/insult/shakespeare/
prating fen-sucked scut,shakespeare,https://fungenerators.com/random/insult/shakespeare/
pernicious dizzy-eyed pumpion,shakespeare,https://fungenerators.com/random/insult/shakespeare/
dankish folly-fallen codpiece,shakespeare,https://fungenerators.com/random/insult/shakespeare/
waggish iron-witted dewberry,shakespeare,https://fungenerators.com/random/insult/shakespeare/
dissembling idle-headed apple-john,shakespeare,https://fungenerators.com/random/insult/shakespeare/
waggish toad-spotted dewberry,shakespeare,https://fungenerators.com/random/insult/shakespeare/
grizzled dizzy-eyed cutpurse,shakespeare,https://fungenerators.com/random/insult/shakespeare/
mangled sour-faced jack-a-nape,shakespeare,https://fungenerators.com/random/insult/shakespeare/
reeky plume-plucked flirt-gill,shakespeare,https://fungenerators.com/random/insult/shakespeare/
yeasty boil-brained pignut,shakespeare,https://fungenerators.com/random/insult/shakespeare/
surly reeling-ripe scullion,shakespeare,https://fungenerators.com/random/insult/shakespeare/
puking sheep-biting miscreant,shakespeare,https://fungenerators.com/random/insult/shakespeare/
froward toad-spotted barnacle,shakespeare,https://fungenerators.com/random/insult/shakespeare/
beslubbering shard-borne scullion,shakespeare,https://fungenerators.com/random/insult/shakespeare/
surly clay-brained lout,shakespeare,https://fungenerators.com/random/insult/shakespeare/
queasy boil-brained scullion,shakespeare,https://fungenerators.com/random/insult/shakespeare/
prating dismal-dreaming flirt-gill,shakespeare,https://fungenerators.com/random/insult/shakespeare/
ruttish raw-boned giglet,shakespeare,https://fungenerators.com/random/insult/shakespeare/
warped unchin-snouted vassal,shakespeare,https://fungenerators.com/random/insult/shakespeare/
vain onion-eyed puttock,shakespeare,https://fungenerators.com/random/insult/shakespeare/
fobbing half-faced miscreant,shakespeare,https://fungenerators.com/random/insult/shakespeare/
dissembling ill-nurtured lewdster,shakespeare,https://fungenerators.com/random/insult/shakespeare/
gnarling dismal-dreaming mammet,shakespeare,https://fungenerators.com/random/insult/shakespeare/
haughty ill-composed jack-a-nape,shakespeare,https://fungenerators.com/random/insult/shakespeare/
tottering muddy-mettled whipster,shakespeare,https://fungenerators.com/random/insult/shakespeare/
surly reeling-ripe dewberry,shakespeare,https://fungenerators.com/random/insult/shakespeare/
venomed ill-nurtured clotpole,shakespeare,https://fungenerators.com/random/insult/shakespeare/
churlish dog-hearted cutpurse,shakespeare,https://fungenerators.com/random/insult/shakespeare/
gnarling hasty-witted egg-shell,shakespeare,https://fungenerators.com/random/insult/shakespeare/
spleeny spur-galled lout,shakespeare,https://fungenerators.com/random/insult/shakespeare/
frothy clapper-clawed scullion,shakespeare,https://fungenerators.com/random/insult/shakespeare/
jarring iron-witted miscreant,shakespeare,https://fungenerators.com/random/insult/shakespeare/
artless rude-growing waterfly,shakespeare,https://fungenerators.com/random/insult/shakespeare/
frothy hell-hated vassal,shakespeare,https://fungenerators.com/random/insult/shakespeare/
fawning hasty-witted malignancy,shakespeare,https://fungenerators.com/random/insult/shakespeare/
warped tardy-gaited ruffian,shakespeare,https://fungenerators.com/random/insult/shakespeare/
droning fen-sucked minimus,shakespeare,https://fungenerators.com/random/insult/shakespeare/
clouted eye-offending pignut,shakespeare,https://fungenerators.com/random/insult/shakespeare/
dissembling weather-bitten clotpole,shakespeare,https://fungenerators.com/random/insult/shakespeare/
haughty fat-kidneyed baggage,shakespeare,https://fungenerators.com/random/insult/shakespeare/
gorbellied bunched-backed hempseed,shakespeare,https://fungenerators.com/random/insult/shakespeare/
clouted knotty-pated nut-hook,shakespeare,https://fungenerators.com/random/insult/shakespeare/
artless motley-minded malignancy,shakespeare,https://fungenerators.com/random/insult/shakespeare/
dissembling rough-hewn cutpurse,shakespeare,https://fungenerators.com/random/insult/shakespeare/
whoreson motley-minded pigeon-egg,shakespeare,https://fungenerators.com/random/insult/shakespeare/
goatish bunched-backed rabbit-sucker,shakespeare,https://fungenerators.com/random/insult/shakespeare/
haughty dizzy-eyed haggard,shakespeare,https://fungenerators.com/random/insult/shakespeare/
froward ill-composed hempseed,shakespeare,https://fungenerators.com/random/insult/shakespeare/
peevish ill-nurtured dewberry,shakespeare,https://fungenerators.com/random/insult/shakespeare/
roynish lily-livered snipe,shakespeare,https://fungenerators.com/random/insult/shakespeare/
hideous hell-hated coxcomb,shakespeare,https://fungenerators.com/random/insult/shakespeare/
grizzled hasty-witted cutpurse,shakespeare,https://fungenerators.com/random/insult/shakespeare/
queasy hell-hated remnant,shakespeare,https://fungenerators.com/random/insult/shakespeare/
jaded toad-spotted haggard,shakespeare,https://fungenerators.com/random/insult/shakespeare/
pribbling guts-griping waterfly,shakespeare,https://fungenerators.com/random/insult/shakespeare/
tottering rough-hewn gudgeon,shakespeare,https://fungenerators.com/random/insult/shakespeare/
hideous shard-borne haggard,shakespeare,https://fungenerators.com/random/insult/shakespeare/
jarring evil-eyed pigeon-egg,shakespeare,https://fungenerators.com/random/insult/shakespeare/
puking shag-eared vassal,shakespeare,https://fungenerators.com/random/insult/shakespeare/
infectious hasty-witted lout,shakespeare,https://fungenerators.com/random/insult/shakespeare/
currish shrill-gorged dewberry,shakespeare,https://fungenerators.com/random/insult/shakespeare/
knavish beef-witted flirt-gill,shakespeare,https://fungenerators.com/random/insult/shakespeare/
puking folly-fallen lewdster,shakespeare,https://fungenerators.com/random/insult/shakespeare/
churlish earth-vexing manikin,shakespeare,https://fungenerators.com/random/insult/shakespeare/
purpled pottle-deep pignut,shakespeare,https://fungenerators.com/random/insult/shakespeare/
wayward crook-pated skainsmate,shakespeare,https://fungenerators.com/random/insult/shakespeare/
gnarling dog-hearted cutpurse,shakespeare,https://fungenerators.com/random/insult/shakespeare/
impertinent motley-minded whey-face,shakespeare,https://fungenerators.com/random/insult/shakespeare/
jarring onion-eyed malt-worm,shakespeare,https://fungenerators.com/random/insult/shakespeare/
gleeking tardy-gaited rampallion,shakespeare,https://fungenerators.com/random/insult/shakespeare/
fawning milk-livered mumble-news,shakespeare,https://fungenerators.com/random/insult/shakespeare/
jarring motley-minded rampallion,shakespeare,https://fungenerators.com/random/insult/shakespeare/
greasy base-court gudgeon,shakespeare,https://fungenerators.com/random/insult/shakespeare/
beslubbering motley-minded manikin,shakespeare,https://fungenerators.com/random/insult/shakespeare/
saucy lily-livered dewberry,shakespeare,https://fungenerators.com/random/insult/shakespeare/
rank raw-boned dewberry,shakespeare,https://fungenerators.com/random/insult/shakespeare/
waggish rump-fed flap-dragon,shakespeare,https://fungenerators.com/random/insult/shakespeare/
hideous spur-galled minimus,shakespeare,https://fungenerators.com/random/insult/shakespeare/
ruttish onion-eyed vassal,shakespeare,https://fungenerators.com/random/insult/shakespeare/
reeky bunched-backed scantling,shakespeare,https://fungenerators.com/random/insult/shakespeare/
waggish fly-bitten gull-catcher,shakespeare,https://fungenerators.com/random/insult/shakespeare/
tottering beetle-headed hugger-mugger,shakespeare,https://fungenerators.com/random/insult/shakespeare/
puking pinch-spotted horn-beast,shakespeare,https://fungenerators.com/random/insult/shakespeare/
clouted ill-composed rudesby,shakespeare,https://fungenerators.com/random/insult/shakespeare/
lewd boil-brained miscreant,shakespeare,https://fungenerators.com/random/insult/shakespeare/
fitful clapper-clawed flap-dragon,shakespeare,https://fungenerators.com/random/insult/shakespeare/
bootless common-kissing gull-catcher,shakespeare,https://fungenerators.com/random/insult/shakespeare/
goatish toad-spotted flax-wench,shakespeare,https://fungenerators.com/random/insult/shakespeare/
errant half-faced lewdster,shakespeare,https://fungenerators.com/random/insult/shakespeare/
venomed heavy-handed nut-hook,shakespeare,https://fungenerators.com/random/insult/shakespeare/
infectious evil-eyed rudesby,shakespeare,https://fungenerators.com/random/insult/shakespeare/
loggerheaded reeling-ripe whey-face,shakespeare,https://fungenerators.com/random/insult/shakespeare/
bootless idle-headed cutpurse,shakespeare,https://fungenerators.com/random/insult/shakespeare/
bootless heavy-handed maggot-pie,shakespeare,https://fungenerators.com/random/insult/shakespeare/
distempered empty-hearted cutpurse,shakespeare,https://fungenerators.com/random/insult/shakespeare/